﻿<?xml version="1.0" encoding="utf-8"?>
<manifest identifier="_6fJZ2WgriGz_course_id" version="1.0" xmlns="http://www.imsproject.org/xsd/imscp_rootv1p1p2" xmlns:adlcp="http://www.adlnet.org/xsd/adlcp_rootv1p2" xmlns:xsi="http://www.w3.org/2001/XMLSchema-instance" xsi:schemaLocation="http://www.imsproject.org/xsd/imscp_rootv1p1p2 imscp_rootv1p1p2.xsd http://www.imsglobal.org/xsd/imsmd_rootv1p2p1 imsmd_rootv1p2p1.xsd http://www.adlnet.org/xsd/adlcp_rootv1p2 adlcp_rootv1p2.xsd">
  <metadata>
    <schema>ADL SCORM</schema>
    <schemaversion>1.2</schemaversion>
    <lom xmlns="http://www.imsglobal.org/xsd/imsmd_rootv1p2p1" xmlns:xsi="http://www.w3.org/2001/XMLSchema-instance" xsi:schemaLocation="http://www.imsglobal.org/xsd/imsmd_rootv1p2p1 imsmd_rootv1p2p1.xsd">
      <general>
        <title>
          <langstring xml:lang="x-none">2021 FY VBCH &amp; VTHH Initial Training - Cardiac Chest Pain &amp; Stroke Awareness</langstring>
        </title>
      </general>
      <lifecycle>
        <version>
          <langstring xml:lang="x-none">1</langstring>
        </version>
        <status>
          <source>
            <langstring xml:lang="x-none">LOMv1.0</langstring>
          </source>
          <value>
            <langstring xml:lang="x-none">Final</langstring>
          </value>
        </status>
      </lifecycle>
      <metametadata>
        <metadatascheme>ADL SCORM 1.2</metadatascheme>
      </metametadata>
      <educational>
        <typicallearningtime>
          <datetime>PT0H0M0S</datetime>
        </typicallearningtime>
      </educational>
      <rights>
        <cost>
          <source>
            <langstring xml:lang="x-none">LOMv1.0</langstring>
          </source>
          <value>
            <langstring xml:lang="x-none">yes</langstring>
          </value>
        </cost>
        <copyrightandotherrestrictions>
          <source>
            <langstring xml:lang="x-none">LOMv1.0</langstring>
          </source>
          <value>
            <langstring xml:lang="x-none">yes</langstring>
          </value>
        </copyrightandotherrestrictions>
      </rights>
    </lom>
  </metadata>
  <organizations default="2021_FY_VBCH_&amp;_VTHH_Initial_Training_-_Cardiac_Chest_Pain_&amp;_Stroke_Awareness_ORG">
    <organization identifier="2021_FY_VBCH_&amp;_VTHH_Initial_Training_-_Cardiac_Chest_Pain_&amp;_Stroke_Awareness_ORG">
      <title>2021 FY VBCH &amp; VTHH Initial Training - Cardiac Chest Pain &amp; Stroke Awareness</title>
      <item identifier="_2021_Initial_Stroke_and_Heart_Attack_12_20_20_SCO" isvisible="true" identifierref="__6fJZ2WgriGz_course_id_RES">
        <title>2021 FY VBCH &amp; VTHH Initial Training - Cardiac Chest Pain &amp; Stroke Awareness</title>
      </item>
    </organization>
  </organizations>
  <resources>
    <resource identifier="__6fJZ2WgriGz_course_id_RES" type="webcontent" href="index_lms.html" adlcp:scormtype="sco">
      <file href="story_content/thumbnail.jpg" />
      <file href="mobile/5XfvypO3788_M_1238_1238_FFFFFF_P_0_0_1192_923.png" />
      <file href="mobile/6nMsp1Kv5e3.png" />
      <file href="mobile/620w5JuejHt_M_1322_1322_FFFFFF.png" />
      <file href="mobile/60ZpFEW8HMc_M_700_700.png" />
      <file href="mobile/620w5JuejHt_M_1320_1320.png" />
      <file href="mobile/6NRTTKO810d_M_700_700_FFFFFF.png" />
      <file href="mobile/5ep8ID1Nnqj_M_696_696.png" />
      <file href="mobile/674fcTrdPPQ_92_P_0_0_1591_1764.jpg" />
      <file href="mobile/5YZ58ghSQcb_M_576_576_RBFC7D7.png" />
      <file href="meta.xml" />
      <file href="story_content/user.js" />
      <file href="mobile/Slide6SwzwqC7jzl.jpg" />
      <file href="mobile/Slide6ZPRRxNGQTH.jpg" />
      <file href="html5/data/css/output.min.css" />
      <file href="html5/data/js/5a18svCjOKK.js" />
      <file href="html5/data/js/5az3ZPNyevU.js" />
      <file href="html5/data/js/5bFQ8JQn9KU.js" />
      <file href="html5/data/js/5mowM3FRCRr.js" />
      <file href="html5/data/js/5sAfXAGH6ez.js" />
      <file href="html5/data/js/5vNwUyumv2T.js" />
      <file href="html5/data/js/5VQqR1VdW0Y.js" />
      <file href="html5/data/js/5ZBQvAJzeqH.js" />
      <file href="html5/data/js/67ajS2Fn6UV.js" />
      <file href="html5/data/js/6lsKwO2Dc3V.js" />
      <file href="html5/data/js/data.js" />
      <file href="html5/data/js/frame.js" />
      <file href="html5/data/js/paths.js" />
      <file href="html5/lib/scripts/bootstrapper.min.js" />
      <file href="html5/lib/scripts/frame.desktop.min.js" />
      <file href="html5/lib/scripts/frame.mobile.min.js" />
      <file href="html5/lib/scripts/slides.min.js" />
      <file href="html5/lib/stylesheets/desktop.min.css" />
      <file href="html5/lib/stylesheets/mobile.min.css" />
      <file href="html5/lib/stylesheets/mobile-fonts/open-sans-bold.woff" />
      <file href="html5/lib/stylesheets/mobile-fonts/open-sans-light.woff" />
      <file href="html5/lib/stylesheets/mobile-fonts/open-sans-regular.woff" />
      <file href="analytics-frame.html" />
      <file href="story.html" />
      <file href="index_lms.html" />
      <file href="lms/AICCComm.html" />
      <file href="lms/blank.html" />
      <file href="lms/browsersniff.js" />
      <file href="lms/goodbye.html" />
      <file href="lms/scormdriver.js" />
    </resource>
  </resources>
</manifest>